NumElements,Datatype,Dataset,avgHistogram,avgScan,avgPaste,avgReorder,avgTotalGPU,avgTotalSTLCPU,avgTotalRDXCPU
1,uint32_t,Zeros,0.0910833,0.0573458,0.0605229,0.0313146,2.50242,0,0.49992
1,uint32_t,Range,0.0208625,0.0677365,0.0685062,0.0938125,2.65918,0.29994,0.60054
1,uint32_t,Inverted range,0.0806146,0.0365,0.0833771,0.0416937,2.67594,0.29992,1.17998
1,uint32_t,Uniform random,0.081125,0.0365073,0.0521104,0.0520979,2.58112,0.60026,1.35112
1,uint32_t,Random,0.0314042,0.0729594,0.0626125,0.0900458,3.9029,0.3999,1.56642
1,int32_t,Zeros,0,0.072875,0.02085,0.0627146,2.30154,0.1,0.09994
1,int32_t,Range,0.0938521,0.0312719,0.0416875,0.0104229,2.30208,0.29986,1.40084
1,int32_t,Inverted range,0.104242,0.00521042,0.0312771,0.0938104,2.30148,0.29986,1.30086
1,int32_t,Uniform random,0.0521521,0.0678021,0.02085,0.0521375,2.60254,0.50008,1.30086
1,int32_t,Random,0.0313083,0.0521146,0.0834063,0.0730292,2.70252,0.59972,1.40156
1,uint64_t,Zeros,0.0782396,0.0529974,0.0260594,0.0416979,4.83752,0,0.19958
1,uint64_t,Range,0.0780885,0.0531896,0.0678333,0.0573219,6.14588,0.2998,0.4005
1,uint64_t,Inverted range,0.0364833,0.0808026,0.0261146,0.0208396,4.60486,0.3001,0.80054
1,uint64_t,Uniform random,0.0938135,0.031324,0.0520219,0.0260771,4.70444,0.6002,2.00132
1,uint64_t,Random,0.036499,0.0843573,0,0.0469042,4.66252,0.59996,1.0007
1,int64_t,Zeros,0.0678073,0.0521089,0.0156323,0.0608448,4.78346,0.09982,0.09998
1,int64_t,Range,0.0569062,0.0717422,0.0417458,0.0834021,5.65776,0.29992,2.50242
1,int64_t,Inverted range,0.0312615,0.0599255,0.0416937,0.0781833,4.80326,0.49998,3.10238
1,int64_t,Uniform random,0.0417125,0.0703594,0.0403865,0.0677667,5.57888,0.50008,2.1473
1,int64_t,Random,0.0313469,0.064525,0.0364802,0.0521219,4.58076,0.70006,1.10064
2,uint32_t,Zeros,0,0.170132,0.0104229,0.0208875,0.10006,0,0
2,uint32_t,Range,0,0.0104531,0,0,0,0,0
2,uint32_t,Inverted range,0.243196,0.173098,0,0,2.53526,0,0
2,uint32_t,Uniform random,0.248883,0.162749,0,0.0104708,2.58986,0,0
2,uint32_t,Random,0,0,0.325498,0,0,0,0
2,int32_t,Zeros,0.0104708,0,0.335902,0,2.35338,0,0
2,int32_t,Range,0,0.0104094,0,0.335983,3.12526,0,0
2,int32_t,Inverted range,0,0,0,0,3.12636,3.12496,0
2,int32_t,Uniform random,0,0.0911906,0,0,1.8509,0,3.12478
2,int32_t,Random,0,0.0104219,0.229385,0,2.4022,0,0
2,uint64_t,Zeros,0.00521667,0.0262266,0,0.325546,6.45154,0,0
2,uint64_t,Range,0,0.0594703,0.163256,0.00524479,3.33504,0,0
2,uint64_t,Inverted range,0.162749,0.0590245,0,0,5.3936,0,0
2,uint64_t,Uniform random,0,0,0.162761,0.162755,3.12502,0,0
2,uint64_t,Random,0,0.0839359,0.0862469,0.163204,4.98958,0,0
2,int64_t,Zeros,0,0.0813849,0,0.162744,6.24986,0,3.1253
2,int64_t,Range,0.162768,0.0813849,0.162741,0,6.25032,0,0
2,int64_t,Inverted range,0,0.162743,0,0.162758,6.2501,3.12396,0
2,int64_t,Uniform random,0,0.0813833,0,0.162747,6.24986,0,3.12536
2,int64_t,Random,0,0.0813823,0.0104438,0.0519302,4.32266,0,3.12408
4,uint32_t,Zeros,0.0104646,0.165135,0,0,3.3711,0,0
4,uint32_t,Range,0,0,0,0,3.12414,3.12532,0
4,uint32_t,Inverted range,0,0,0,0,3.12302,0,0
4,uint32_t,Uniform random,0,0.173135,0,0.106835,1.32584,0,0
4,uint32_t,Random,0,0.175822,0,0,3.47584,3.1256,0
4,int32_t,Zeros,0.325406,0,0.0312896,0.286308,3.04894,0,0
4,int32_t,Range,0.0104146,0.00521146,0.0104354,0,0,0,0
4,int32_t,Inverted range,0.0312917,0.120736,0,0,2.61854,0,0
4,int32_t,Uniform random,0,0.16266,0.325523,0,3.12502,0,0
4,int32_t,Random,0,0,0,0,3.12344,0,0
4,uint64_t,Zeros,0,0.081375,0.325512,0,6.24998,0,0
4,uint64_t,Range,0,0.043138,0,0,4.88172,0,0
4,uint64_t,Inverted range,0.168446,0.0459448,0.162703,0.010425,5.29912,0,0
4,uint64_t,Uniform random,0,0.00521615,0.333241,0,6.59852,0,3.12472
4,uint64_t,Random,0,0.162731,0,0.108559,5.40922,0,0
4,int64_t,Zeros,0.00523229,0.00661198,0.162724,0.00520417,3.67864,0,0
4,int64_t,Range,0,0.00521146,0.103772,0,5.31984,0,3.12348
4,int64_t,Inverted range,0,0.00260365,0.162746,0.130646,5.83316,0,3.1232
4,int64_t,Uniform random,0.162752,0,0,0,3.12484,0,0
4,int64_t,Random,0,0.00521406,0.0740052,0.162747,1.72234,0,0
8,uint32_t,Zeros,0.32551,0,0,0.325523,3.12502,0,0
8,uint32_t,Range,0.325412,0,0,0,0,0,0
8,uint32_t,Inverted range,0,0,0,0,3.12496,0,3.1232
8,uint32_t,Uniform random,0,0.162758,0,0.32534,3.12496,0,0
8,uint32_t,Random,0.325412,0,0,0,3.32502,0,0
8,int32_t,Zeros,0.325542,0.0156365,0,0,2.96972,0,0
8,int32_t,Range,0.325521,0,0,0,3.125,0,3.12392
8,int32_t,Inverted range,0,0.162716,0,0,3.12414,0,0
8,int32_t,Uniform random,0,0.0356042,0.0104646,0,3.12554,0,3.12338
8,int32_t,Random,0,0.171198,0.0104771,0,3.38758,3.12548,0
8,uint64_t,Zeros,0,0.0996422,0,0,6.95122,0,0
8,uint64_t,Range,0.0966583,0,0.162725,0.00523229,2.0564,0,0
8,uint64_t,Inverted range,0,0.00260729,0.450799,0,5.73242,0,0
8,uint64_t,Uniform random,0,0,0.162768,0.162776,6.25044,0,3.12478
8,uint64_t,Random,0.0695823,0.0813807,0,0.0104187,4.66104,0,3.1249
8,int64_t,Zeros,0,0.0813453,0,0,6.24868,0,0
8,int64_t,Range,0,0.0813896,0.16275,0,3.12536,3.12314,0
8,int64_t,Inverted range,0,0.0813255,0.162761,0,3.12502,0,0
8,int64_t,Uniform random,0,0.162746,0.162771,0,6.25016,0,0
8,int64_t,Random,0,0.165593,0,0,6.25866,0,3.12342
16,uint32_t,Zeros,0,0,0.325429,0,3.12412,0,0
16,uint32_t,Range,0.325517,0,0,0,3.12496,0,0
16,uint32_t,Inverted range,0,0.00525417,0.0105375,0,0,0,3.12484
16,uint32_t,Uniform random,0.0104167,0,0.0105083,0,0,0,0
16,uint32_t,Random,0.32545,0,0,0,3.12432,3.1239,0
16,int32_t,Zeros,0,0.162716,0,0,3.12414,0,0
16,int32_t,Range,0,0.173117,0.202302,0,5.26594,0,0
16,int32_t,Inverted range,0,0,0,0,3.12462,3.1239,0
16,int32_t,Uniform random,0,0,0.0208875,0,1.65158,0,3.12354
16,int32_t,Random,0,0,0,0,3.12484,0,3.1242
16,uint64_t,Zeros,0.173602,0.0728479,0,0.0104438,6.33104,0,0
16,uint64_t,Range,0,0.0813672,0,0,3.1245,0,0
16,uint64_t,Inverted range,0.0585583,0.0839849,0,0.173443,7.6944,0,0
16,uint64_t,Uniform random,0.00520833,0.0842609,0.102563,0,3.34288,0,3.12424
16,uint64_t,Random,0.16275,0,0.162767,0,3.12512,0,0
16,int64_t,Zeros,0,0.00521042,0,0.33422,6.8178,0,0
16,int64_t,Range,0.349422,0.00261458,0.010425,0,3.32576,0,0
16,int64_t,Inverted range,0.16274,0.0988323,0,0.00521458,3.89528,3.12526,0
16,int64_t,Uniform random,0,0.0813839,0,0.162709,6.24916,0,3.1239
16,int64_t,Random,0,0.081376,0,0.162664,3.12484,0,0
32,uint32_t,Zeros,0.0104396,0.134278,0.0104396,0.32556,3.12538,0,0
32,uint32_t,Range,0,0,0,0,3.1249,0,3.12374
32,uint32_t,Inverted range,0.346165,0.0797667,0,0,1.83208,0,0
32,uint32_t,Uniform random,0,0.162682,0.32554,0,3.12518,0,0
32,uint32_t,Random,0.32551,0,0,0,3.1249,0,3.12344
32,int32_t,Zeros,0,0.162679,0,0,0,0,0
32,int32_t,Range,0.32546,0,0.325517,0,3.12496,0,0
32,int32_t,Inverted range,0.0584833,0,0,0.0208563,3.88656,0,3.12442
32,int32_t,Uniform random,0,0.0156458,0,0,2.2659,0,3.12354
32,int32_t,Random,0,0.162709,0,0,0,0,0
32,uint64_t,Zeros,0,0.00521094,0.134791,0,2.78808,0,0
32,uint64_t,Range,0,0.0813792,0,0.162768,6.2501,3.12478,0
32,uint64_t,Inverted range,0,0.0970458,0.120621,0,3.42636,0,0
32,uint64_t,Uniform random,0,0,0,0.0981542,5.20998,0,3.12426
32,uint64_t,Random,0,0,0.162768,0,6.2501,0,3.12514
32,int64_t,Zeros,0,0.0891969,0.012976,0,3.6743,0,3.12496
32,int64_t,Range,0.00522292,0.0892802,0,0.16855,6.76526,0,3.12372
32,int64_t,Inverted range,0,0.00779167,0,0,5.73938,0,3.1228
32,int64_t,Uniform random,0,0.0813729,0,0,3.12472,0,3.1239
32,int64_t,Random,0,0.0813484,0,0.162774,6.24904,0,0
64,uint32_t,Zeros,0,0,0,0.325498,3.12478,0,3.12514
64,uint32_t,Range,0,0,0,0,3.12296,0,0
64,uint32_t,Inverted range,0,0,0,0,3.12278,0,0
64,uint32_t,Uniform random,0,0,0,0,3.12496,0,3.12356
64,uint32_t,Random,0.0104167,0.167172,0.0104521,0,3.2097,0,3.12426
64,int32_t,Zeros,0,0.162765,0,0,3.12508,0,0
64,int32_t,Range,0,0.118054,0,0,5.49102,0,0
64,int32_t,Inverted range,0,0.00521771,0,0.228296,0,3.12438,0
64,int32_t,Uniform random,0.0208813,0.164517,0,0,3.45924,3.12574,0
64,int32_t,Random,0,0,0.0312854,0.325412,2.49872,0,0
64,uint64_t,Zeros,0,0.0813792,0.0104406,0.00595313,6.66472,0,0
64,uint64_t,Range,0,0.0813901,0.162749,0,6.25016,3.12342,0
64,uint64_t,Inverted range,0.162767,0.0813766,0,0,6.24998,0,3.12518
64,uint64_t,Uniform random,0,0,0.162761,0.162764,6.25008,0,3.12514
64,uint64_t,Random,0.162774,0.00258125,0,0.151312,6.22968,0,3.12502
64,int64_t,Zeros,0,0.0813865,0.162655,0,6.24822,0,0
64,int64_t,Range,0.00950833,0,0,0.00521458,3.32548,0,3.12518
64,int64_t,Inverted range,0,0.0622682,0.00522917,0.168,5.7171,0,3.1242
64,int64_t,Uniform random,0.00523542,0.066824,0.0104385,0.162785,3.42594,0,3.12302
64,int64_t,Random,0,0,0,0.162771,6.25022,0,3.12296
128,uint32_t,Zeros,0,0,0,0.325492,3.12472,0,0
128,uint32_t,Range,0,0,0.325473,0,3.12454,0,3.1252
128,uint32_t,Inverted range,0,0.162716,0,0,3.12414,3.12396,0
128,uint32_t,Uniform random,0,0,0.0208979,0.169521,1.82802,0,3.1232
128,uint32_t,Random,0.2379,0.162655,0,0.0208854,2.48434,0,0
128,int32_t,Zeros,0,0,0,0,3.1249,0,0
128,int32_t,Range,0,0,0,0,3.12496,3.1249,0
128,int32_t,Inverted range,0,0.00520521,0.0104958,0,0,0,0
128,int32_t,Uniform random,0.325523,0,0,0,3.12502,0,3.12366
128,int32_t,Random,0,0.0104427,0.165123,0,1.78568,0,0
128,uint64_t,Zeros,0,0.0813729,0,0,6.24974,0,0
128,uint64_t,Range,0,0,0,0,3.12496,0,0
128,uint64_t,Inverted range,0,0.0891901,0,0,5.18548,3.12378,0
128,uint64_t,Uniform random,0,0.0865911,0.167997,0.00525417,5.54492,3.12338,0
128,uint64_t,Random,0,0.0816036,0.0104469,0.090851,3.33408,3.12338,0
128,int64_t,Zeros,0.330705,0.00521615,0,0.0149188,7.03726,0,0
128,int64_t,Range,0,0.162766,0,0,6.2502,0,0
128,int64_t,Inverted range,0.00521979,0.127388,0.162768,0.0104281,5.19286,3.12362,0
128,int64_t,Uniform random,0.162767,0,0.162755,0,6.25032,0,3.1252
128,int64_t,Random,0.325534,0,0,0,6.25026,0,0
256,uint32_t,Zeros,0,0,0.325383,0,3.12368,0,0
256,uint32_t,Range,0,0,0,0,3.12496,3.14942,0
256,uint32_t,Inverted range,0,0,0,0.32539,3.12374,0,0
256,uint32_t,Uniform random,0,0,0,0.325485,3.12466,0,3.12332
256,uint32_t,Random,0.325333,0,0,0,0,0,0
256,int32_t,Zeros,0,0,0.325321,0,0,0,0
256,int32_t,Range,0.0104771,0.0341677,0.325487,0,3.88128,0,3.12354
256,int32_t,Inverted range,0,0,0,0,3.12454,0,3.12362
256,int32_t,Uniform random,0,0,0,0.325504,3.12484,0,3.12338
256,int32_t,Random,0.0104229,0.00665208,0,0,3.4528,0.59866,0.23372
256,uint64_t,Zeros,0,0.0813792,0.16797,0.028801,7.00348,0,0
256,uint64_t,Range,0.01045,0.0541948,0,0,5.40634,0,0
256,uint64_t,Inverted range,0.0104469,0.0544594,0,0.162749,5.4166,0,3.12338
256,uint64_t,Uniform random,0,0.0813865,0.162741,0,6.24986,0,3.12408
256,uint64_t,Random,0,0.00520937,0,0.0749312,3.38266,0,3.12396
256,int64_t,Zeros,0,0.00260521,0,0.163003,3.33046,0,0
256,int64_t,Range,0,0.0582776,0,0,2.43842,0,0
256,int64_t,Inverted range,0.00521771,0.0590151,0.00520729,0,2.46634,3.12408,0
256,int64_t,Uniform random,0,0,0.162761,0,6.24986,0,3.12326
256,int64_t,Random,0,0.0813594,0.162755,0,6.2491,0,0
512,uint32_t,Zeros,0,0,0,0,0,0,0
512,uint32_t,Range,0.325431,0,0,0,3.12414,0,3.12572
512,uint32_t,Inverted range,0,0.162755,0,0,3.1249,0,3.12478
512,uint32_t,Uniform random,0,0.0382125,0,0,0,0,3.12344
512,uint32_t,Random,0,0,0,0,3.12426,3.12408,0
512,int32_t,Zeros,0,0.162701,0,0,3.12386,0,0
512,int32_t,Range,0,0,0,0,3.12508,0,3.12372
512,int32_t,Inverted range,0,0,0,0.325554,3.12532,0,0
512,int32_t,Uniform random,0,0,0,0.325523,3.12502,0,3.12302
512,int32_t,Random,0,0.00525,0,0,0,0,0
512,uint64_t,Zeros,0,0.0813682,0.00523229,0.0103823,3.52458,0,0
512,uint64_t,Range,0,0.0813854,0,0,3.1252,0,0
512,uint64_t,Inverted range,0,0,0.488192,0,6.25014,0,0
512,uint64_t,Uniform random,0.0363646,0,0.336204,0.0104583,7.572,0,3.12478
512,uint64_t,Random,0,0,0.162746,0,3.12472,0,3.1232
512,int64_t,Zeros,0,0.00522448,0.162651,0,5.38926,0,0
512,int64_t,Range,0,0,0.102847,0.00521042,3.1289,0,3.12502
512,int64_t,Inverted range,0.00521667,0.00261771,0.162657,0.118947,2.48446,0,0
512,int64_t,Uniform random,0.0104219,0.0052276,0.11961,0,3.12614,0,3.12348
512,int64_t,Random,0.00523229,0.0052276,0.166714,0,3.30136,0,0
1024,uint32_t,Zeros,0,0.162733,0,0,6.24944,0,0
1024,uint32_t,Range,0,0.162746,0,0,3.12472,0,3.12332
1024,uint32_t,Inverted range,0,0,0,0.325523,3.12502,3.12642,0
1024,uint32_t,Uniform random,0,0,0.0209479,0,0,0,0
1024,uint32_t,Random,0,0.120777,0.0104646,0.336035,3.12584,3.1246,0
1024,int32_t,Zeros,0,0.162758,0.0209104,0.298752,3.06876,0,0
1024,int32_t,Range,0,0,0,0.3255,3.1248,0,3.12302
1024,int32_t,Inverted range,0,0.0757167,0,0.335717,4.7767,0,0
1024,int32_t,Uniform random,0,0.113614,0,0,0,0,0
1024,int32_t,Random,0,0,0.325498,0,3.12478,0,3.12326
1024,uint64_t,Zeros,0,0,0.162648,0,6.24828,0,0
1024,uint64_t,Range,0.00520521,0.0559135,0,0,2.34754,0,0
1024,uint64_t,Inverted range,0.0156573,0.140824,0,0.162691,5.70826,0,0
1024,uint64_t,Uniform random,0.00522083,0.0892167,0,0.00525104,3.32654,0,3.12308
1024,uint64_t,Random,0,0.0813807,0,0,3.12502,0,0
1024,int64_t,Zeros,0,0.162709,0,0,6.24804,0,0
1024,int64_t,Range,0.162736,0,0.00521667,0.00522917,5.78794,0,0
1024,int64_t,Inverted range,0,0.137005,0.00522083,0,5.46134,0,3.12314
1024,int64_t,Uniform random,0.00522083,0,0.00522083,0.292834,5.8229,0,3.12324
1024,int64_t,Random,0.167991,0.00785833,0,0.0104615,6.55324,0,0
2048,uint32_t,Zeros,0.300048,0.00520833,0,0,2.98046,0,0
2048,uint32_t,Range,0,0,0,0,3.12506,0,3.12462
2048,uint32_t,Inverted range,0,0.257373,0,0,5.04208,0,3.12502
2048,uint32_t,Uniform random,0,0,0,0.325573,3.1255,3.12496,3.12478
2048,uint32_t,Random,0,0.0884604,0,0.0104021,0,0,3.125
2048,int32_t,Zeros,0,0,0,0,3.1248,0,0
2048,int32_t,Range,0,0,0,0.325548,3.1249,0,3.12484
2048,int32_t,Inverted range,0,0.162771,0,0.325444,3.1252,3.12472,0
2048,int32_t,Uniform random,0,0.228611,0.0104229,0,4.58998,3.1239,3.12472
2048,int32_t,Random,0,0.167976,0.0104167,0.0104271,2.67008,3.12478,0
2048,uint64_t,Zeros,0.16277,0.162769,0,0,6.25038,0,0
2048,uint64_t,Range,0,0.0813349,0.162749,0.162765,6.24986,0,0
2048,uint64_t,Inverted range,0,0,0,0.162768,6.25022,0,3.1249
2048,uint64_t,Uniform random,0.162758,0.0813854,0,0,6.25032,0,3.12308
2048,uint64_t,Random,0,0,0.162755,0,6.25004,0,3.1253
2048,int64_t,Zeros,0,0.00260833,0.162758,0.104382,5.42938,0,0
2048,int64_t,Range,0.00521354,0.0839833,0,0.191627,7.0043,3.12438,3.12472
2048,int64_t,Inverted range,0.167954,0,0.288335,0,8.86082,0,3.12514
2048,int64_t,Uniform random,0.118629,0.163048,0,0.0104469,5.6143,0,3.12302
2048,int64_t,Random,0,0,0.162706,0.162764,6.2502,3.1238,0
4096,uint32_t,Zeros,0,0.162676,0,0,3.12338,0,0
4096,uint32_t,Range,0,0.122952,0,0,5.48598,3.12472,0
4096,uint32_t,Inverted range,0,0,0.290079,0.0105125,0.20028,3.12484,3.12472
4096,uint32_t,Uniform random,0.325535,0,0,0,3.12514,0,6.24844
4096,uint32_t,Random,0.0104708,0.129341,0,0,2.6838,3.12336,6.24958
4096,int32_t,Zeros,0,0,0,0,3.12386,0,0
4096,int32_t,Range,0,0,0,0.59114,2.64998,3.12326,3.12496
4096,int32_t,Inverted range,0,0.162749,0,0,3.12478,0,6.24828
4096,int32_t,Uniform random,0,0,0.325535,0.325542,6.25034,3.12324,3.12502
4096,int32_t,Random,0,0,0.325542,0,3.1252,3.1232,3.12496
4096,uint64_t,Zeros,0,0.0125281,0.162743,0,3.60574,0,0
4096,uint64_t,Range,0,0.00260521,0.167948,0.118034,5.5909,0,0
4096,uint64_t,Inverted range,0,0,0.162758,0.162761,6.25032,0,3.12296
4096,uint64_t,Uniform random,0,0.00260833,0.0104344,0,5.5316,3.1239,9.37446
4096,uint64_t,Random,0,0,0.162768,0.162758,3.12514,3.12354,3.12484
4096,int64_t,Zeros,0,0.185171,0.162722,0.00523229,7.21102,0,0
4096,int64_t,Range,0.163909,0.0692844,0.16344,0,6.68654,3.12496,6.25016
4096,int64_t,Inverted range,0.162758,0,0.162767,0,9.37522,0,9.37542
4096,int64_t,Uniform random,0,0.0822318,0.162785,0.137686,6.38322,0,9.37548
4096,int64_t,Random,0.168492,0,0.141611,0,3.13498,3.12308,3.12496
8192,uint32_t,Zeros,0.0104042,0.168419,0,0,3.13258,0,0
8192,uint32_t,Range,0,0,0,0.325542,0,3.12332,3.12478
8192,uint32_t,Inverted range,0,0,0.325558,0,3.12536,3.12326,6.2501
8192,uint32_t,Uniform random,0,0,0,0.325523,3.12502,6.24792,9.37546
8192,uint32_t,Random,0,0,0.325535,0,3.12496,6.24798,9.37552
8192,int32_t,Zeros,0,0.174812,0,0.0105125,0,0,0
8192,int32_t,Range,0,0,0.325535,0,3.12514,3.1252,12.5005
8192,int32_t,Inverted range,0.0104771,0.0444406,0,0.0104208,0,3.12426,12.5005
8192,int32_t,Uniform random,0,0.00521146,0.0224937,0.335975,3.54136,6.24834,9.37552
8192,int32_t,Random,0,0,0.325498,0,3.12478,3.12414,12.5005
8192,uint64_t,Zeros,0,0.0865875,0,0.162758,4.47232,0,0
8192,uint64_t,Range,0,0,0,0.325526,6.2501,3.12332,3.1249
8192,uint64_t,Inverted range,0,0.168146,0.00523542,0.106231,5.57178,3.12314,6.24986
8192,uint64_t,Uniform random,0,0,0,0.162755,3.42594,6.24828,15.6258
8192,uint64_t,Random,0.146896,0.0052349,0.167995,0.00521667,6.54742,3.12456,9.37558
8192,int64_t,Zeros,0.0423979,0.00260417,0.00521146,0.162774,4.23942,0,0
8192,int64_t,Range,0.16373,0.00783958,0.173639,0,6.77852,3.12544,15.6247
8192,int64_t,Inverted range,0,0.162761,0,0,6.25004,3.12508,15.6257
8192,int64_t,Uniform random,0.00521146,0.0946938,0.00522604,0,6.9884,6.24804,15.6259
8192,int64_t,Random,0.135771,0.0813792,0.00521146,0,2.80738,6.25004,6.25034
16384,uint32_t,Zeros,0.196785,0.00520833,0,0,1.98914,0,3.12444
16384,uint32_t,Range,0.0104583,0.162771,0.0203188,0.0104208,3.62076,6.24756,9.37546
16384,uint32_t,Inverted range,0,0.00521458,0.0344083,0.0104937,0,6.24828,18.751
16384,uint32_t,Uniform random,0.134242,0,0,0.0103792,4.51354,9.37342,21.8761
16384,uint32_t,Random,0,0.059551,0.325517,0,4.3684,12.4985,18.7509
16384,int32_t,Zeros,0,0,0,0.325492,3.12472,0,3.12414
16384,int32_t,Range,0,0,0,0,3.12484,6.24838,18.751
16384,int32_t,Inverted range,0,0,0.325517,0,3.12496,6.24958,21.8762
16384,int32_t,Uniform random,0,0.162749,0,0,3.12478,9.3731,21.8762
16384,int32_t,Random,0,0.162758,0,0.325542,3.1252,12.5004,18.7509
16384,uint64_t,Zeros,0.162725,0.0474411,0.00521146,0.00522292,5.1471,3.12396,0
16384,uint64_t,Range,0,0.244143,0,0,6.2498,6.2481,6.25032
16384,uint64_t,Inverted range,0.162785,0.0839891,0,0.0159844,6.75762,6.24828,12.5007
16384,uint64_t,Uniform random,0.162765,0.00522656,0.0618937,0.0104344,6.3532,12.4984,31.2517
16384,uint64_t,Random,0,0.0813839,0,0.162767,9.37522,9.37434,15.6259
16384,int64_t,Zeros,0,0.0813667,0,0.162768,6.24962,0,3.12456
16384,int64_t,Range,0,0.174894,0,0.00523229,3.79148,6.24834,28.1265
16384,int64_t,Inverted range,0.228678,0.0892182,0.011125,0.00521458,6.6642,6.24816,31.2517
16384,int64_t,Uniform random,0,0.113714,0.00520104,0.0104687,3.33408,12.4997,31.2517
16384,int64_t,Random,0,0.0999854,0,0.168578,3.95136,12.4995,15.6258
32768,uint32_t,Zeros,0,0.162776,0.325506,0,6.25016,3.12484,3.12418
32768,uint32_t,Range,0,0.154005,0,0.346425,3.32658,12.5001,18.751
32768,uint32_t,Inverted range,0,0,0,0.325535,3.12514,12.4984,34.3768
32768,uint32_t,Uniform random,0,0,0,0,3.1249,24.9992,40.6272
32768,uint32_t,Random,0,0.145497,0.32551,0,2.99406,25.001,40.6273
32768,int32_t,Zeros,0.187533,0.0729781,0.0834146,0.125144,4.80316,1.00058,4.60312
32768,int32_t,Range,0.0938146,0.0736729,0.125052,0.0852042,4.23404,12.8078,42.2284
32768,int32_t,Inverted range,0.166785,0.104237,0.0208437,0.0625625,4.40276,14.6083,40.8274
32768,int32_t,Uniform random,0.153133,0.0416969,0.0104083,0.0963958,3.52734,25.6151,41.8284
32768,int32_t,Random,0.0625375,0.0938198,0.02085,0.104233,4.20284,25.8169,41.4278
32768,uint64_t,Zeros,0.1903,0.0868729,0,0.0104438,6.67504,0,3.125
32768,uint64_t,Range,0,0,0,0.325541,6.25022,12.4986,15.6258
32768,uint64_t,Inverted range,0.162761,0.069563,0.00521667,0.162771,9.0216,12.4983,28.1265
32768,uint64_t,Uniform random,0.162771,0.0813839,0.162758,0,9.37522,24.999,59.3781
32768,uint64_t,Random,0.00523542,0.162882,0.00521354,0.0379229,6.25468,24.9996,31.2519
32768,int64_t,Zeros,0.0588969,0.165678,0,0.0104427,7.69334,0,6.24986
32768,int64_t,Range,0.00523229,0.081376,0.00521458,0.162768,6.9636,12.5004,59.3781
32768,int64_t,Inverted range,0.00523333,0.0813792,0.01015,0.168674,6.75886,15.6236,59.3781
32768,int64_t,Uniform random,0.162774,0,0.162755,0.162761,9.37518,25,62.5032
32768,int64_t,Random,0.325531,0.0813854,0,0,6.2502,24.9991,28.1265
65536,uint32_t,Zeros,0,0.162768,0,0.325546,6.25038,3.14138,9.37506
65536,uint32_t,Range,0,0,0,0.325548,3.12526,28.1238,46.8778
65536,uint32_t,Inverted range,0,0,0.121706,0.325565,4.49424,28.1243,71.8785
65536,uint32_t,Uniform random,0,0,0,0,3.12518,56.2514,81.2543
65536,uint32_t,Random,0.0104896,0.162755,0,0.0208437,3.4257,53.1256,81.2543
65536,int32_t,Zeros,0.0104354,0,0,0.6955,3.4413,0,9.3733
65536,int32_t,Range,0.0104208,0,0,0.60676,2.79982,24.9995,81.2542
65536,int32_t,Inverted range,0.313575,0.00521042,0,0.0104354,3.21054,31.2496,81.2543
65536,int32_t,Uniform random,0.0208437,0.12374,0,0.325542,5.7011,56.2537,81.2543
65536,int32_t,Random,0.156556,0,0,0.336,4.8286,53.1257,81.2543
65536,uint64_t,Zeros,0.162755,0.0814266,0,0.325452,9.37358,3.1232,6.24996
65536,uint64_t,Range,0.0104281,0.0874781,0.00521146,0.210181,6.68456,28.1248,31.2517
65536,uint64_t,Inverted range,0.16797,0.0213203,0.0104677,0.167982,7.47048,28.1239,53.1281
65536,uint64_t,Uniform random,0.325537,0.162765,0,0,9.37516,53.1257,118.756
65536,uint64_t,Random,0.037926,0.0892031,0,0.162768,7.27888,53.1264,59.3781
65536,int64_t,Zeros,0,0.0813854,0.0742344,0.173215,7.97644,3.1232,9.37522
65536,int64_t,Range,0,0.0840135,0.168001,0.173256,6.653,28.1253,118.756
65536,int64_t,Inverted range,0.183682,0.081387,0.104981,0.178468,8.96892,31.2492,118.756
65536,int64_t,Uniform random,0.0180094,0.00521406,0,0.162768,6.79652,56.2509,118.756
65536,int64_t,Random,0.0146615,0,0,0.493542,6.93338,53.1263,62.5033
131072,uint32_t,Zeros,0,0,0,0,6.25034,3.12496,18.7508
131072,uint32_t,Range,0.325542,0,0.325535,0,6.25034,56.2508,96.8801
131072,uint32_t,Inverted range,0.0454042,0,0,0.335954,6.78594,65.6278,134.382
131072,uint32_t,Uniform random,0,0.16277,0,0.325542,3.1252,112.504,165.634
131072,uint32_t,Random,0.0104333,0,0,0.231096,5.64398,115.63,165.634
131072,int32_t,Zeros,0.0105063,0.210733,0.325565,0.0313417,6.45202,3.12314,18.7508
131072,int32_t,Range,0.325565,0,0,0,6.25032,59.376,162.508
131072,int32_t,Inverted range,0.651033,0,0.325542,0,6.25032,68.7512,165.634
131072,int32_t,Uniform random,0,0.165037,0.0104708,0.336017,6.495,112.504,162.509
131072,int32_t,Random,0.356906,0.169224,0.0735833,0.0208437,4.45706,118.756,159.383
131072,uint64_t,Zeros,0.162752,0.0813839,0,0.325553,12.5004,3.12374,18.7505
131072,uint64_t,Range,0.162768,0,0,0.488329,12.5011,56.2508,75.0039
131072,uint64_t,Inverted range,0,0.0919573,0,0.578918,14.6465,62.5008,106.256
131072,uint64_t,Uniform random,0.00824792,0.134322,0.00521667,0.356929,10.036,109.378,243.763
131072,uint64_t,Random,0.058424,0.0847849,0.163882,0.336416,9.8368,112.504,121.882
131072,int64_t,Zeros,0.466808,0.00260521,0,0.168006,12.2884,3.12344,18.7505
131072,int64_t,Range,0.176241,0.136762,0,0.183639,9.74786,56.251,240.638
131072,int64_t,Inverted range,0.325549,0.0635891,0,0.341187,15.6258,68.7515,237.512
131072,int64_t,Uniform random,0.0119219,0.0813833,0.16891,0.349565,10.0964,112.504,243.763
131072,int64_t,Random,0.00523229,0,0.253087,0.167984,11.3105,112.506,125.008
262144,uint32_t,Zeros,0.325529,0.162765,0,0.651075,9.3754,9.37324,34.3768
262144,uint32_t,Range,0,0,0.325517,0.97661,9.37524,121.88,187.51
262144,uint32_t,Inverted range,0,0,0,0.651077,9.37548,140.63,271.889
262144,uint32_t,Uniform random,0.601727,0.167981,0.0104271,0.335933,9.20192,237.51,331.267
262144,uint32_t,Random,0.325523,0,0,0.32554,9.37534,243.763,331.267
262144,int32_t,Zeros,0,0.162771,0,0.976585,9.37534,9.37318,34.3768
262144,int32_t,Range,0.356442,0,0.0313563,0.676746,9.99718,125.005,325.017
262144,int32_t,Inverted range,0.325542,0.0256177,0,0.661523,9.96768,140.63,325.017
262144,int32_t,Uniform random,0.337435,0.00520208,0,0.651081,9.389,237.51,328.142
262144,int32_t,Random,0.651073,0,0,0.651052,12.5006,243.761,325.017
262144,uint64_t,Zeros,0.516304,0.0085526,0.16278,0.989524,26.8757,9.37434,34.3765
262144,uint64_t,Range,0.521816,0.0972411,0,0.694272,23.4889,118.754,156.258
262144,uint64_t,Inverted range,0.493514,0.162772,0.0930687,0.493517,25.0013,137.505,212.511
262144,uint64_t,Uniform random,0.929894,0.00261458,0.00533646,0.335851,21.3803,234.387,481.275
262144,uint64_t,Random,0.65107,0,0.162761,0.813858,25.0015,237.511,240.637
262144,int64_t,Zeros,0.711615,0.0925307,0.168009,0.377744,26.6557,6.24886,37.5017
262144,int64_t,Range,0.622061,0.168469,0,0.51444,25.5546,125.005,481.275
262144,int64_t,Inverted range,0.488311,0.119898,0,0.49362,20.4324,140.63,478.15
262144,int64_t,Uniform random,0.734139,0.0866318,0,0.363966,22.7907,240.635,487.526
262144,int64_t,Random,0.33073,0.154974,0,0.819152,24.9037,237.51,250.013
524288,uint32_t,Zeros,1.0329,0.167999,0,1.11239,23.62,18.7489,68.7535
524288,uint32_t,Range,0.556794,0.336008,0,0.71659,16.4209,262.514,434.398
524288,uint32_t,Inverted range,0.715142,0.259746,0.325542,0.440225,17.0761,300.013,546.904
524288,uint32_t,Uniform random,1.26586,0.326189,0,0.174085,19.9046,493.774,665.66
524288,uint32_t,Random,0.926621,0.168026,0,0.692869,18.9528,500.026,665.66
524288,int32_t,Zeros,0.361296,0,0.325558,2.08213,26.6632,18.7505,68.7539
524288,int32_t,Range,0.439435,0.14649,0,1.77401,23.4798,265.637,656.285
524288,int32_t,Inverted range,1.21652,0.317166,0,0.135615,23.1501,296.89,650.034
524288,int32_t,Uniform random,1.65072,0.420862,0,0.503202,23.1566,496.901,650.034
524288,int32_t,Random,1.01074,0.454594,0,0.471775,20.2018,503.151,650.034
524288,uint64_t,Zeros,1.00044,0.228886,0,0.949517,39.9534,15.6261,68.7533
524288,uint64_t,Range,1.17263,0.156861,0,1.09522,40.0321,256.261,309.391
524288,uint64_t,Inverted range,1.1542,0.103063,0.0104656,0.881417,37.0091,290.64,421.897
524288,uint64_t,Uniform random,0.390929,0.0813839,0.147033,1.53847,36.7643,500.024,965.676
524288,uint64_t,Random,0.56108,0.315715,0,0.933657,39.8359,493.774,481.275
524288,int64_t,Zeros,0.822396,0.179425,0,1.24392,37.2462,18.7512,71.8786
524288,int64_t,Range,1.06627,0.157706,0.325624,0.597891,39.9767,268.764,965.676
524288,int64_t,Inverted range,1.31618,0.0797568,0.162819,0.634398,36.6873,300.014,971.926
524288,int64_t,Uniform random,1.16299,0.112697,0.168015,0.445704,39.755,509.4,981.302
524288,int64_t,Random,1.49612,0.0753448,0,0.603255,39.9676,503.149,503.151
1048576,uint32_t,Zeros,0.314079,0.463042,0,2.44566,36.3794,31.2501,143.758
1048576,uint32_t,Range,1.99442,0.0300813,0.0105188,1.51088,33.4517,559.403,862.545
1048576,uint32_t,Inverted range,2.29138,0.157774,0.325529,1.24828,33.3734,625.031,1093.81
1048576,uint32_t,Uniform random,1.536,0.308944,0,1.18531,32.9393,1050.05,1343.82
1048576,uint32_t,Random,2.15505,0.134547,0.0211,1.86748,33.3838,1050.05,1334.44
1048576,int32_t,Zeros,2.29522,0.234174,0,1.87146,39.8596,31.251,140.632
1048576,int32_t,Range,3.55554,0.182916,0,0.0312833,36.1868,575.028,1312.57
1048576,int32_t,Inverted range,1.12015,0.238086,0.0104271,2.81305,37.0147,634.406,1303.19
1048576,int32_t,Uniform random,2.18621,0.484334,0,1.39044,37.1209,1065.68,1306.32
1048576,int32_t,Random,2.80791,0.348765,0,0.705594,37.0503,1065.68,1303.19
1048576,uint64_t,Zeros,1.2894,0,0,1.98167,66.6654,34.3747,140.632
1048576,uint64_t,Range,1.82182,0.164849,0,2.02692,66.4692,553.154,621.908
1048576,uint64_t,Inverted range,0.924655,0.336534,0,2.39254,66.9357,612.532,843.795
1048576,uint64_t,Uniform random,1.6168,0.159068,0.00523229,1.38517,63.4609,1071.93,1940.73
1048576,uint64_t,Random,1.41413,0.298629,0.146101,1.96637,66.6695,1040.68,965.676
1048576,int64_t,Zeros,1.52077,0.419929,0.00522917,1.55972,66.9946,34.3746,143.757
1048576,int64_t,Range,1.43681,0.190644,0.310717,1.7689,70.3024,581.279,1950.1
1048576,int64_t,Inverted range,1.24136,0.165783,0.328953,2.06516,66.7736,637.533,1921.98
1048576,int64_t,Uniform random,1.39758,0.162252,0,1.56031,63.527,1093.8,1956.35
1048576,int64_t,Random,1.96401,0.086276,0,1.85424,66.7561,1062.55,1006.3
2097152,uint32_t,Zeros,1.96098,0.431879,0,3.77937,59.5235,65.6261,281.265
2097152,uint32_t,Range,2.51295,0.519095,0,2.48733,56.8685,1187.56,1737.59
2097152,uint32_t,Inverted range,1.65045,0.721862,0,3.48022,59.102,1318.82,2190.74
2097152,uint32_t,Uniform random,2.45101,0.305819,0.0209312,3.47896,56.7527,2271.99,2678.27
2097152,uint32_t,Random,1.63295,0.138053,0.2896,4.03205,57.4648,2225.12,2672.02
2097152,int32_t,Zeros,3.93293,1.05242,0,2.17253,70.2083,65.6275,275.014
2097152,int32_t,Range,3.55739,0.683383,0,2.85473,66.0121,1206.31,2628.26
2097152,int32_t,Inverted range,3.74999,0.669814,0,2.12041,66.7472,1337.57,2600.14
2097152,int32_t,Uniform random,2.2907,0.60053,0,4.39935,66.4267,2290.29,2647.01
2097152,int32_t,Random,3.21091,0.809685,0,2.80824,65.9566,2262.62,2618.89
2097152,uint64_t,Zeros,1.687,0.868263,0,3.13773,119.776,65.6284,278.14
2097152,uint64_t,Range,2.36727,0.357115,0,3.53476,120.804,1168.81,1478.2
2097152,uint64_t,Inverted range,2.80256,0.535471,0,3.38996,123.413,1296.94,1696.96
2097152,uint64_t,Uniform random,2.61826,0.811499,0,2.29622,117.054,2231.37,3903.33
2097152,uint64_t,Random,2.84295,0.804945,0.149643,2.16213,120.156,2206.37,1937.6
2097152,int64_t,Zeros,2.37707,0.465391,0.146447,3.41698,117.229,65.6278,287.515
2097152,int64_t,Range,2.03787,0.68351,0.311349,3.28235,123.373,1206.31,3875.2
2097152,int64_t,Inverted range,2.9007,0.547001,0,2.80295,124.213,1340.69,3856.45
2097152,int64_t,Uniform random,2.8863,0.426753,0.140415,2.55112,116.607,2275.12,3937.71
2097152,int64_t,Random,2.32688,0.463408,0,3.55307,119.523,2256.37,2018.86
4194304,uint32_t,Zeros,2.70503,0.903025,0.325517,6.43975,103.49,128.129,565.657
4194304,uint32_t,Range,3.86589,0.595786,0,6.34068,107.295,2515.76,3956.46
4194304,uint32_t,Inverted range,4.14841,0.670882,0,6.03984,108.81,2781.39,4437.73
4194304,uint32_t,Uniform random,2.56378,0.914781,0,6.75727,105.791,4706.5,5353.4
4194304,uint32_t,Random,3.63198,0.799094,0,5.72211,99.5684,4668.99,5350.28
4194304,int32_t,Zeros,4.93242,1.08034,0.239777,5.94163,120.283,128.13,556.28
4194304,int32_t,Range,7.51808,0.930242,0,4.31361,123.023,2568.88,5259.65
4194304,int32_t,Inverted range,4.86807,1.85848,0,5.00406,123.302,2812.65,5234.65
4194304,int32_t,Uniform random,4.89906,0.163588,0,7.48631,116.939,4756.5,5225.27
4194304,int32_t,Random,4.57204,0.497922,0.556738,6.57173,116.467,4653.37,5222.15
4194304,uint64_t,Zeros,3.9616,0.885169,1.36175,5.53977,229.799,131.255,559.406
4194304,uint64_t,Range,5.92264,0.560009,0.115389,6.24363,236.682,2475.13,2956.41
4194304,uint64_t,Inverted range,6.81702,1.26042,0.162774,3.88003,243.798,2728.27,3384.55
4194304,uint64_t,Uniform random,5.0702,0.0793714,0,7.36597,224.018,4637.74,7787.91
4194304,uint64_t,Random,4.51171,1.09087,0.126794,6.07415,229.033,4618.99,3865.83
4194304,int64_t,Zeros,4.16911,1.37037,0.44541,5.21778,229.198,134.38,575.032
4194304,int64_t,Range,6.03722,0.531953,0,6.36724,240.518,2556.38,7756.66
4194304,int64_t,Inverted range,6.29255,1.33746,0.162761,4.58159,243.9,2812.65,7722.28
4194304,int64_t,Uniform random,4.5068,0.108847,0,7.94933,224.154,4731.5,7850.41
4194304,int64_t,Random,4.20744,0.132593,0,7.89778,222.596,4712.75,4050.21
8388608,uint32_t,Zeros,7.31174,0.801471,0.179362,12.0509,200.084,256.261,1128.18
8388608,uint32_t,Range,7.25542,0.756939,0,15.6642,225.127,5303.4,7909.79
8388608,uint32_t,Inverted range,6.33639,0.139446,0,16.9925,221.399,5828.43,8784.84
8388608,uint32_t,Uniform random,5.3134,0.209035,0,14.782,196.566,9775.51,10719.3
8388608,uint32_t,Random,7.02212,0.279353,0.186206,12.9823,194.901,9741.13,10719.3
8388608,int32_t,Zeros,10.8309,1.63276,0.156856,10.5093,231.56,259.387,1109.43
8388608,int32_t,Range,9.59539,1.58165,0,13.3562,252.678,5378.41,10531.8
8388608,int32_t,Inverted range,9.66135,0.933027,0,16.1215,251.224,5903.43,10438
8388608,int32_t,Uniform random,12.7719,1.60333,0.0104708,8.79087,229.593,9897.39,10456.8
8388608,int32_t,Random,10.1717,1.49277,0.47206,10.4007,223.516,10059.9,10438
8388608,uint64_t,Zeros,10.0806,1.07979,0.0849958,11.2487,426.077,259.387,1133.77
8388608,uint64_t,Range,11.0528,1.59509,0,11.735,455.467,5194.02,5928.44
8388608,uint64_t,Inverted range,10.327,1.17202,0.0753615,12.6965,451.064,5731.55,6775.36
8388608,uint64_t,Uniform random,11.1787,1.57144,0.084876,9.12983,426.792,9675.51,15566.4
8388608,uint64_t,Random,10.7962,1.4989,0.0749031,9.76305,426.077,9675.51,7737.91
8388608,int64_t,Zeros,11.1693,1.50911,0,9.47133,429.761,265.637,1153.19
8388608,int64_t,Range,9.90861,1.56641,0,12.31,454.287,5381.53,15522.7
8388608,int64_t,Inverted range,10.1346,1.82393,0,12.0946,463.109,5915.93,15410.2
8388608,int64_t,Uniform random,11.7012,1.4512,0.236958,8.96662,431.344,9900.52,15738.3
8388608,int64_t,Random,11.5812,1.55099,0.313095,8.83164,432.692,9856.77,8100.43
16777216,uint32_t,Zeros,10.14,1.44295,0,26.2305,376.764,512.525,2256.37
16777216,uint32_t,Range,10.1345,1.89985,0,31.4369,423.234,11110,15866.5
16777216,uint32_t,Inverted range,11.3996,1.77263,0,30.2577,423.168,12175.6,17582.2
16777216,uint32_t,Uniform random,10.8092,2.01919,0,24.1923,377.443,20385.4,21469.9
16777216,uint32_t,Random,10.226,1.62499,0,25.9904,379.344,20479.2,21432.4
16777216,int32_t,Zeros,14.7842,2.22448,0,27.093,438.034,518.776,2215.74
16777216,int32_t,Range,11.9019,2.07043,0,35.6494,480.633,11303.7,21066.7
16777216,int32_t,Inverted range,10.8316,2.30839,0,36.7458,478.521,12366.3,20885.5
16777216,int32_t,Uniform random,15.2615,0.926999,0.653221,29.0005,438.53,20560.5,20944.8
16777216,int32_t,Random,14.9421,1.61548,0.304531,28.2698,437.741,20594.8,20926.1
16777216,uint64_t,Zeros,13.7425,0.282244,0.00525104,31.222,824.851,518.776,2240.74
16777216,uint64_t,Range,12.3139,1.15965,0.982929,33.1799,880.833,10938.1,11835
16777216,uint64_t,Inverted range,12.4521,0.589512,0,34.767,868.178,11988.1,13528.8
16777216,uint64_t,Uniform random,14.3403,0.466169,0,30.6324,828.704,20413.6,31151.6
16777216,uint64_t,Random,14.1515,0.50289,0.00520833,30.7661,826.949,20407.3,15541.4
16777216,int64_t,Zeros,14.1119,0.957822,0.00519792,30.0031,836.143,537.526,2300.12
16777216,int64_t,Range,11.2141,0.91209,0,35.5644,872.308,11322.5,31033.6
16777216,int64_t,Inverted range,11.7269,0.849216,0,35.1499,873.721,12381.9,30861
16777216,int64_t,Uniform random,14.7576,0.549204,0.306717,30.0276,833.966,20823,31442.3
16777216,int64_t,Random,14.5482,0.666319,0.162773,29.956,837.808,20991,16147.7
33554432,uint32_t,Zeros,18.3785,0.981751,0,55.4647,731.066,1037.55,4615.87
33554432,uint32_t,Range,17.2537,0,0.325529,66.7349,796.917,23163.7,35580
33554432,uint32_t,Inverted range,19.2066,0,0.325542,64.7819,815.668,25285.7,36723.8
33554432,uint32_t,Uniform random,17.9045,0,0,58.5964,740.664,44224.2,44749.2
33554432,uint32_t,Random,24.7104,1.04752,0,49.1685,734.516,44096.1,44909.6
33554432,int32_t,Zeros,28.4098,1.3667,0.335969,59.4989,856.385,1087.56,4618.99
33554432,int32_t,Range,25.1394,2.20895,0,69.4898,913.706,23741.9,42149.1
33554432,int32_t,Inverted range,26.1214,1.32455,0.0104396,70.1988,915.601,25898.2,41780.3
33554432,int32_t,Uniform random,29.3133,1.84191,0,57.9388,848.213,42969.4,41842.8
33554432,int32_t,Random,28.4038,1.41794,0.0104396,59.4113,846.299,43349.1,41827.2
33554432,uint64_t,Zeros,29.2616,6.2573,0.00512292,50.0837,1654.27,1059.43,4478.36
33554432,uint64_t,Range,27.9973,5.88422,0.00521979,56.2742,1718.58,23048.1,27507.7
33554432,uint64_t,Inverted range,27.8807,6.58138,0,54.9526,1725.39,25048.2,27129.5
33554432,uint64_t,Uniform random,29.431,5.81767,0,51.5233,1671.32,42567.9,62400.2
33554432,uint64_t,Random,29.1068,6.64526,0,49.7915,1656.28,41886.6,31007.9
33554432,int64_t,Zeros,28.8438,6.54424,0,50.7921,1664.42,1062.55,4622.12
33554432,int64_t,Range,28.1718,6.28144,0,55.7387,1735.03,23795,62372
33554432,int64_t,Inverted range,30.1639,4.28362,0,57.1597,1720.53,25914.9,61843.9
33554432,int64_t,Uniform random,30.9891,5.37074,0.162768,51.4808,1680.6,43502.3,63115
33554432,int64_t,Random,31.0209,5.14831,0.48831,51.424,1678.96,42777.2,32336.1
